{
	"Country": {
		"id": "01",
		"name": "China",
		"Capital": "Beijing",
		"Divisions": [
			"01",
			"02",
			"03"
		],
		"Districts": [
			"01",
			"02",
			"03"
		],
		"id": "02",
		"name": "Bangladesh",
		"Capital": "Dhaka",
		"Divisions": [
			"04",
			"05",
			"06",
			"07",
			"08",
			"09",
			"10",
			"11"
		],
		"Districts": [
			"04",
			"05",
			"06",
			"07",
			"08",
			"09",
			"10",
			"11",
			"12",
			"13",
			"14",
			"15",
			"16",
			"17",
			"18",
			"19",
			"20",
			"21",
			"22",
			"23",
			"24",
			"25",
			"26",
			"27",
			"28",
			"29",
			"30",
			"31"
		],
		"id": "03",
		"name": "Singapore",
		"Capital": "Singapore City",
		"Divisions": [
			"12",
			"13",
			"14",
			"15",
			"16"
		],
		"Districts": [
			"32",
			"33",
			"34",
			"35",
			"36"
		]
	},
	"Divisions": {
		"id": "01",
		"name": "Shengdong",
		"Districts": [
			"01"
		],
		"id": "02",
		"name": "Anhui",
		"Districts": [
			"02"
		],
		"id": "03",
		"name": "Fujian",
		"Districts": [
			"03"
		],
		"id": "04",
		"name": "Barisal",
		"Districts": [
			"04",
			"05",
			"06"
		],
		"id": "05",
		"name": "Chittagong",
		"Districts": [
			"07",
			"08",
			"09",
			"10"
		],
		"id": "06",
		"name": "Dhaka",
		"Districts": [
			"11",
			"12",
			"13",
			"14"
		],
		"id": "07",
		"name": "Khulna",
		"Districts": [
			"15",
			"16",
			"17"
		],
		"id": "08",
		"name": "Mymensingh",
		"Districts": [
			"18",
			"19",
			"20",
			"21"
		],
		"id": "09",
		"name": "Rajshahi",
		"Districts": [
			"22",
			"23",
			"24",
			"25"
		],
		"id": "10",
		"name": "Rangpur",
		"Districts": [
			"26",
			"27",
			"28"
		],
		"id": "11",
		"name": "Sylhet",
		"Districts": [
			"29",
			"30",
			"31"
		],
		"id": "12",
		"name": "Central Region",
		"Districts": [
			"32"
		],
		"id": "13",
		"name": "North Region",
		"Districts": [
			"33"
		],
		"id": "14",
		"name": "East Region",
		"Districts": [
			"34"
		],
		"id": "15",
		"name": "North-east Region",
		"Districts": [
			"35"
		],
		"id": "16",
		"name": "West Region",
		"Districts": [
			"36"
		]
	},
	"Districts": {
		"id": "01",
		"name": "Dongcheng",
		"Subdistricts": [
			"01",
			"02"
		],
		"Postcodes": [
			100000,
			610000,
			404000
		],
		"id": "02",
		"name": "Yaohai",
		"Subdistricts": [
			"03",
			"04"
		],
		"Postcodes": [
			200000,
			710000,
			504000
		],
		"id": "03",
		"name": "Luyang",
		"Subdistricts": [
			"05",
			"06"
		],
		"Postcodes": [
			100000,
			610000,
			404000
		],
		"id": "04",
		"name": "Barisal",
		"Subdistricts": [
			"07",
			"08"
		],
		"Postcodes": [
			8241,
			8240,
			8239
		],
		"id": "05",
		"name": "Barguna",
		"Subdistricts": [
			"09",
			"10"
		],
		"Postcodes": [
			8238,
			8237,
			8236
		],
		"id": "06",
		"name": "Bhola",
		"Subdistricts": [
			"11",
			"12"
		],
		"Postcodes": [
			8239,
			8240,
			8241
		],
		"id": "07",
		"name": "Chittagong",
		"Subdistricts": [
			"13",
			"14"
		],
		"Postcodes": [
			4376,
			4378,
			4380
		],
		"id": "08",
		"name": "Comilla",
		"Subdistricts": [
			"15",
			"16"
		],
		"Postcodes": [
			4650,
			4651,
			4652
		],
		"id": "09",
		"name": "Cox's Bazar",
		"Subdistricts": [
			"17",
			"18"
		],
		"Postcodes": [
			4400,
			4401,
			4402
		],
		"id": "10",
		"name": "Bandarban",
		"Subdistricts": [
			"19",
			"20"
		],
		"Postcodes": [
			4655,
			4656,
			4700
		],
		"id": "11",
		"name": "Dhaka",
		"Subdistricts": [
			"21",
			"22"
		],
		"Postcodes": [
			1209,
			1210,
			1211
		],
		"id": "12",
		"name": "Faridpur",
		"Subdistricts": [
			"23",
			"24"
		],
		"Postcodes": [
			1212,
			1213,
			1214
		],
		"id": "13",
		"name": "Gopalganj",
		"Subdistricts": [
			"25",
			"26"
		],
		"Postcodes": [
			1360,
			1361,
			1362
		],
		"id": "14",
		"name": "Narayanganj",
		"Subdistricts": [
			"27",
			"28"
		],
		"Postcodes": [
			1450,
			1451,
			1452
		],
		"id": "15",
		"name": "Khulna",
		"Subdistricts": [
			"29",
			"30"
		],
		"Postcodes": [
			9240,
			9241,
			9242
		],
		"id": "16",
		"name": "Bagerhat",
		"Subdistricts": [
			"31",
			"32"
		],
		"Postcodes": [
			9340,
			9341,
			9342
		],
		"id": "17",
		"name": "Chuadanga",
		"Subdistricts": [
			"33",
			"34"
		],
		"Postcodes": [
			9440,
			9441,
			9442
		],
		"id": "18",
		"name": "Mymensingh",
		"Subdistricts": [
			"35",
			"36"
		],
		"Postcodes": [
			2240,
			2241,
			2242
		],
		"id": "19",
		"name": "Jamalpur",
		"Subdistricts": [
			"37",
			"38"
		],
		"Postcodes": [
			2340,
			2341,
			2342
		],
		"id": "20",
		"name": "Netrokona",
		"Subdistricts": [
			"39",
			"40"
		],
		"Postcodes": [
			2440,
			2441,
			2442
		],
		"id": "21",
		"name": "Sherpur",
		"Subdistricts": [
			"41",
			"42"
		],
		"Postcodes": [
			2540,
			2541,
			2542
		],
		"id": "22",
		"name": "Rajshahi",
		"Subdistricts": [
			"43",
			"44"
		],
		"Postcodes": [
			6281,
			6282,
			6283
		],
		"id": "23",
		"name": "Bagura",
		"Subdistricts": [
			"45",
			"46"
		],
		"Postcodes": [
			6381,
			6382,
			6383
		],
		"id": "24",
		"name": "Jaypurhat",
		"Subdistricts": [
			"47",
			"48"
		],
		"Postcodes": [
			6440,
			6441,
			6442
		],
		"id": "25",
		"name": "Pabna",
		"Subdistricts": [
			"49",
			"50"
		],
		"Postcodes": [
			6540,
			6541,
			6542
		],
		"id": "26",
		"name": "Rangpur",
		"Subdistricts": [
			"51",
			"52"
		],
		"Postcodes": [
			5140,
			5141,
			5142
		],
		"id": "27",
		"name": "Dinajpur",
		"Subdistricts": [
			"53",
			"54"
		],
		"Postcodes": [
			5240,
			5241,
			5242
		],
		"id": "28",
		"name": "Kurigram",
		"Subdistricts": [
			"55",
			"56"
		],
		"Postcodes": [
			5340,
			5341,
			5342
		],
		"id": "29",
		"name": "Sylhet",
		"Subdistricts": [
			"57",
			"58"
		],
		"Postcodes": [
			3010,
			3011,
			3012
		],
		"id": "30",
		"name": "Habiganj",
		"Subdistricts": [
			"59",
			"60"
		],
		"Postcodes": [
			3110,
			3111,
			3112
		],
		"id": "31",
		"name": "Sunamganj",
		"Subdistricts": [
			"61",
			"62"
		],
		"Postcodes": [
			3210,
			3211,
			3212
		],
		"id": "32",
		"name": "West Coast GRC",
		"Subdistricts": [
			"63",
			"64"
		],
		"Postcodes": [
			247964,
			610000,
			404000
		],
		"id": "33",
		"name": "Radin Mas SMC",
		"Subdistricts": [
			"65",
			"66"
		],
		"Postcodes": [
			150335,
			610000,
			404000
		],
		"id": "34",
		"name": "Jalan Besar GRC",
		"Subdistricts": [
			"67",
			"68"
		],
		"Postcodes": [
			520110,
			610000,
			404000
		],
		"id": "35",
		"name": "Mount Batten GRC",
		"Subdistricts": [
			"69",
			"70"
		],
		"Postcodes": [
			521110,
			610000,
			404000
		],
		"id": "36",
		"name": "Marine Parade GRC",
		"Subdistricts": [
			"71",
			"72"
		],
		"Postcodes": [
			654378,
			610000,
			404000
		]
	},
	"Subdistricts": {
		"id": "01",
		"name": "Dailang",
		"Postcodes": [
			736200,
			404000,
			100000
		],
		"id": "02",
		"name": "Changchung",
		"Postcodes": [
			736200,
			404000,
			100000
		],
		"id": "03",
		"name": "Chengdu",
		"Postcodes": [
			736200,
			404000,
			100000
		],
		"id": "04",
		"name": "Guangzhou",
		"Postcodes": [
			736200,
			404000,
			100000
		],
		"id": "05",
		"name": "Hangzhou",
		"Postcodes": [
			736200,
			404000,
			100000
		],
		"id": "06",
		"name": "Harbin",
		"Postcodes": [
			736200,
			404000,
			100000
		],
		"id": "07",
		"name": "Agailjhara",
		"Postcodes": [
			8241,
			8240,
			8239
		],
		"id": "08",
		"name": "Babuganj",
		"Postcodes": [
			8241,
			8240,
			8239
		],
		"id": "09",
		"name": "Amtali",
		"Postcodes": [
			8238,
			8237,
			8236
		],
		"id": "10",
		"name": "Bamna",
		"Postcodes": [
			8238,
			8237,
			8236
		],
		"id": "11",
		"name": "Bhola Sadar",
		"Postcodes": [
			8239,
			8240,
			8241
		],
		"id": "12",
		"name": "Daulatkhan",
		"Postcodes": [
			8239,
			8240,
			8241
		],
		"id": "13",
		"name": "Anwara",
		"Postcodes": [
			4376,
			4378,
			4380
		],
		"id": "14",
		"name": "Boalkhali",
		"Postcodes": [
			4376,
			4378,
			4380
		],
		"id": "15",
		"name": "Barura",
		"Postcodes": [
			4650,
			4651,
			4652
		],
		"id": "16",
		"name": "Chandina",
		"Postcodes": [
			4650,
			4651,
			4652
		],
		"id": "17",
		"name": "Maheshkhali",
		"Postcodes": [
			4400,
			4401,
			4402
		],
		"id": "18",
		"name": "Ramu",
		"Postcodes": [
			4400,
			4401,
			4402
		],
		"id": "19",
		"name": "Thanchi",
		"Postcodes": [
			4655,
			4656,
			4700
		],
		"id": "20",
		"name": "Lama",
		"Postcodes": [
			4655,
			4656,
			4700
		],
		"id": "21",
		"name": "Dhamrai",
		"Postcodes": [
			1209,
			1210,
			1211
		],
		"id": "22",
		"name": "Savar",
		"Postcodes": [
			1209,
			1210,
			1211
		],
		"id": "23",
		"name": "Faridpur Sadar 1",
		"Postcodes": [
			1212,
			1213,
			1214
		],
		"id": "24",
		"name": "Faridpur Sadar 2",
		"Postcodes": [
			1212,
			1213,
			1214
		],
		"id": "25",
		"name": "Gopalganj Sadar",
		"Postcodes": [
			1360,
			1361,
			1362
		],
		"id": "26",
		"name": "Kashiani",
		"Postcodes": [
			1360,
			1361,
			1362
		],
		"id": "27",
		"name": "Araihajar",
		"Postcodes": [
			1450,
			1451,
			1452
		],
		"id": "28",
		"name": "Sonargaon",
		"Postcodes": [
			1450,
			1451,
			1452
		],
		"id": "29",
		"name": "Terokhada",
		"Postcodes": [
			9240,
			9241,
			9242
		],
		"id": "30",
		"name": "Batiahgata",
		"Postcodes": [
			9240,
			9241,
			9242
		],
		"id": "31",
		"name": "Bagerhat Sadar",
		"Postcodes": [
			9340,
			9341,
			9342
		],
		"id": "32",
		"name": "Chitalmari",
		"Postcodes": [
			9340,
			9341,
			9342
		],
		"id": "33",
		"name": "Alamdanga",
		"Postcodes": [
			9440,
			9441,
			9442
		],
		"id": "34",
		"name": "Chuadanga Sadar",
		"Postcodes": [
			9440,
			9441,
			9442
		],
		"id": "35",
		"name": "Bhaluka",
		"Postcodes": [
			2240,
			2241,
			2242
		],
		"id": "36",
		"name": "Trishal",
		"Postcodes": [
			2240,
			2241,
			2242
		],
		"id": "37",
		"name": "Dewanganj",
		"Postcodes": [
			2340,
			2341,
			2342
		],
		"id": "38",
		"name": "Bakshiganj",
		"Postcodes": [
			2340,
			2341,
			2342
		],
		"id": "39",
		"name": "Atpara",
		"Postcodes": [
			2440,
			2441,
			2442
		],
		"id": "40",
		"name": "Barhatta",
		"Postcodes": [
			2440,
			2441,
			2442
		],
		"id": "41",
		"name": "Jhenaigati",
		"Postcodes": [
			2540,
			2541,
			2542
		],
		"id": "42",
		"name": "Nakla",
		"Postcodes": [
			2540,
			2541,
			2542
		],
		"id": "43",
		"name": "Bagha",
		"Postcodes": [
			6281,
			6282,
			6283
		],
		"id": "44",
		"name": "Bagmara",
		"Postcodes": [
			6281,
			6282,
			6283
		],
		"id": "45",
		"name": "Adamdighi",
		"Postcodes": [
			6381,
			6382,
			6383
		],
		"id": "46",
		"name": "Sherpur",
		"Postcodes": [
			6381,
			6382,
			6383
		],
		"id": "47",
		"name": "Jaypurhat",
		"Postcodes": [
			6440,
			6441,
			6442
		],
		"id": "48",
		"name": "Akkelpur",
		"Postcodes": [
			6440,
			6441,
			6442
		],
		"id": "49",
		"name": "Atgharia",
		"Postcodes": [
			6540,
			6541,
			6542
		],
		"id": "50",
		"name": "Bera",
		"Postcodes": [
			6540,
			6541,
			6542
		],
		"id": "51",
		"name": "Badarganj",
		"Postcodes": [
			5140,
			5141,
			5142
		],
		"id": "52",
		"name": "Mithapur",
		"Postcodes": [
			5140,
			5141,
			5142
		],
		"id": "53",
		"name": "Biral",
		"Postcodes": [
			5240,
			5241,
			5242
		],
		"id": "54",
		"name": "Birampur",
		"Postcodes": [
			5240,
			5241,
			5242
		],
		"id": "55",
		"name": "Nageshwari",
		"Postcodes": [
			5340,
			5341,
			5342
		],
		"id": "56",
		"name": "Bhurungamari",
		"Postcodes": [
			5340,
			5341,
			5342
		],
		"id": "57",
		"name": "Balaganj",
		"Postcodes": [
			3010,
			3011,
			3012
		],
		"id": "58",
		"name": "Beyaniganj",
		"Postcodes": [
			3010,
			3011,
			3012
		],
		"id": "59",
		"name": "Ajmiriganj",
		"Postcodes": [
			3110,
			3111,
			3112
		],
		"id": "60",
		"name": "Baniachang",
		"Postcodes": [
			3110,
			3111,
			3112
		],
		"id": "61",
		"name": "Chhatak",
		"Postcodes": [
			3210,
			3211,
			3215
		],
		"id": "62",
		"name": "Derai",
		"Postcodes": [
			3210,
			3211,
			3212
		],
		"id": "63",
		"name": "Bukit Merah",
		"Postcodes": [
			736200,
			404000,
			100000
		],
		"id": "64",
		"name": "Central Area",
		"Postcodes": [
			736200,
			404000,
			100000
		],
		"id": "65",
		"name": "Marine Parade",
		"Postcodes": [
			736200,
			404000,
			100000
		],
		"id": "66",
		"name": "Bedok",
		"Postcodes": [
			736200,
			404000,
			100000
		],
		"id": "67",
		"name": "Changi Bay",
		"Postcodes": [
			736200,
			404000,
			100000
		],
		"id": "68",
		"name": "East Region",
		"Postcodes": [
			736200,
			404000,
			100000
		],
		"id": "69",
		"name": "Changi",
		"Postcodes": [
			736200,
			404000,
			100000
		],
		"id": "70",
		"name": "Queenstown",
		"Postcodes": [
			736200,
			404000,
			100000
		],
		"id": "71",
		"name": "Clementi",
		"Postcodes": [
			736200,
			404000,
			100000
		],
		"id": "72",
		"name": "Tuas",
		"Postcodes": [
			736200,
			404000,
			100000
		]
	}
}